Customer,Toll free service,Equipment rental,Calling card service,Wireless service,Long distance last month,Toll free last month,Equipment last month,Calling card last month,Wireless last month,Long distance over tenure,Toll free over tenure,Equipment over tenure,Calling card over tenure,Wireless over tenure,Multiple lines,Voice mail,Paging service,Internet,Caller ID,Call waiting,Call forwarding,Three way calling,Electronic billing,Churn within last month
ID0501,No,Yes,No,No,3.45,0,31.85,0,0,44.45,0,462.75,0,0,Yes,Yes,No,No,No,No,No,No,Yes,Yes
ID0502,Yes,Yes,No,No,8.6,11,30.05,0,0,259.3,335.15,975.8,0,0,Yes,No,No,No,No,No,No,No,No,Yes
ID0503,No,Yes,No,No,6.2,0,21.35,0,0,121.7,0,425.25,0,0,Yes,No,No,Yes,No,No,No,No,Yes,Yes
ID0504,Yes,No,Yes,Yes,8,32.25,0,18.25,19.45,61.55,264,0,155,153.7,No,Yes,No,No,Yes,Yes,Yes,Yes,No,No
ID0505,No,Yes,No,No,3.4,0,22.7,0,0,7.6,0,35.45,0,0,No,No,No,Yes,No,Yes,No,No,Yes,Yes
ID0506,No,No,No,No,16.35,0,0,0,0,528.5,0,0,0,0,No,No,No,No,No,No,No,No,No,No
ID0507,No,No,Yes,No,15.5,0,0,14.25,0,754.8,0,0,625,0,Yes,No,No,No,No,No,Yes,No,No,No
ID0508,No,No,No,Yes,3.45,0,0,0,15.1,6.55,0,0,0,10.45,Yes,No,Yes,No,Yes,Yes,No,Yes,Yes,No
ID0509,No,No,No,No,8.3,0,0,0,0,308.55,0,0,0,0,Yes,No,No,Yes,No,No,No,No,Yes,No
ID0510,No,No,Yes,No,6.7,0,0,25.25,0,270.2,0,0,1075,0,Yes,No,No,No,No,No,No,Yes,No,No
ID0511,Yes,Yes,Yes,Yes,6.05,25.25,41.55,31.75,36.6,153.05,697.05,1117.15,835,1020.95,Yes,Yes,Yes,No,Yes,Yes,Yes,Yes,Yes,Yes
ID0512,Yes,Yes,Yes,Yes,6.3,41.25,55.8,20,50.95,279.7,1665,2197.6,830,1956.7,Yes,Yes,Yes,No,Yes,Yes,Yes,Yes,No,No
ID0513,No,Yes,Yes,No,29.45,0,22.65,19,0,1921.55,0,1515.4,1240,0,Yes,No,No,No,No,No,No,No,Yes,No
ID0514,No,Yes,Yes,No,4.25,0,19.8,7,0,157.6,0,779.65,275,0,Yes,No,No,Yes,No,No,No,No,No,No
ID0515,Yes,Yes,Yes,Yes,2.7,31.5,36.25,15,23.4,45.6,609.2,654.75,270,422.5,No,Yes,No,Yes,Yes,Yes,Yes,Yes,Yes,Yes
ID0516,Yes,No,Yes,Yes,4.3,25.75,0,29,31.9,13.4,159.15,0,165,162,No,Yes,Yes,No,Yes,Yes,Yes,Yes,No,No
ID0517,No,No,No,No,3.3,0,0,0,0,22.1,0,0,0,0,No,No,No,No,No,No,No,Yes,No,No
ID0518,Yes,Yes,No,No,5.15,24.25,28.85,0,0,53.5,294.55,294.35,0,0,Yes,Yes,Yes,Yes,Yes,No,Yes,Yes,No,Yes
ID0519,No,Yes,No,Yes,5.5,0,46.1,0,35.25,97.15,0,825.45,0,701.05,Yes,Yes,Yes,Yes,No,Yes,Yes,No,Yes,Yes
ID0520,Yes,No,No,No,12.65,34.25,0,0,0,414.9,1119.35,0,0,0,No,No,No,No,Yes,Yes,Yes,Yes,No,No
ID0521,Yes,No,Yes,Yes,16.85,40.5,0,34.5,39.8,736.45,1817.75,0,1480,1783.15,No,Yes,Yes,Yes,Yes,Yes,Yes,Yes,No,No
ID0522,No,No,Yes,No,19.5,0,0,11.75,0,887.7,0,0,530,0,Yes,No,No,No,No,No,No,No,No,No
ID0523,Yes,Yes,Yes,Yes,26.05,36.75,41.85,16.25,38.45,1738.15,2589.3,2768.85,1110,2590.2,Yes,Yes,No,No,Yes,Yes,Yes,Yes,No,No
ID0524,No,No,No,No,9.25,0,0,0,0,285.75,0,0,0,0,No,No,No,No,No,No,No,Yes,No,No
ID0525,Yes,Yes,No,No,4.75,23,37.45,0,0,112,626.6,1010.1,0,0,Yes,No,No,No,No,No,Yes,Yes,Yes,Yes
ID0526,No,No,Yes,No,7.05,0,0,20.25,0,400.55,0,0,1150,0,Yes,Yes,No,No,No,No,No,No,Yes,No
ID0527,No,No,Yes,No,21.7,0,0,52.25,0,1580.4,0,0,3665,0,Yes,No,No,No,Yes,Yes,Yes,Yes,No,No
ID0528,No,No,Yes,No,3.4,0,0,15.75,0,111.5,0,0,440,0,No,Yes,No,No,No,No,No,Yes,No,No
ID0529,No,Yes,Yes,Yes,13.05,0,40.6,10.25,40.85,682.2,0,1928.2,545,1964.2,Yes,Yes,Yes,No,Yes,Yes,Yes,Yes,Yes,No
ID0530,No,Yes,No,No,12.25,0,23.9,0,0,416.4,0,793.4,0,0,No,No,No,No,No,No,No,No,Yes,No
ID0531,No,Yes,No,No,4.15,0,29.9,0,0,46.35,0,299.65,0,0,No,No,No,Yes,No,No,No,No,Yes,Yes
ID0532,No,No,No,No,4.2,0,0,0,0,22,0,0,0,0,No,No,No,No,No,No,No,No,Yes,No
ID0533,Yes,No,Yes,No,19.2,25.75,0,9.25,0,964.85,1320.05,0,390,0,No,No,No,No,Yes,No,Yes,Yes,No,No
ID0534,No,No,No,No,13.4,0,0,0,0,438.9,0,0,0,0,Yes,No,No,Yes,Yes,No,No,No,No,No
ID0535,Yes,No,Yes,No,10.7,23,0,18.75,0,296.75,572.25,0,405,0,No,No,No,No,Yes,Yes,Yes,Yes,No,No
ID0536,No,No,Yes,No,6.45,0,0,5.75,0,182.35,0,0,170,0,No,No,No,No,No,Yes,No,Yes,No,No
ID0537,Yes,Yes,Yes,Yes,33.05,21.75,53.55,18.75,48.05,2225.15,1391.6,3532.1,1215,3185.35,Yes,Yes,Yes,Yes,Yes,Yes,Yes,Yes,Yes,No
ID0538,Yes,No,Yes,No,25.65,41.75,0,11.75,0,1423,2294.75,0,630,0,Yes,Yes,No,No,Yes,Yes,Yes,Yes,No,No
ID0539,No,Yes,Yes,Yes,7.15,0,44.8,14.25,46.55,160.2,0,817.25,265,893.75,Yes,Yes,Yes,No,Yes,Yes,No,Yes,Yes,No
ID0540,Yes,Yes,Yes,Yes,18.45,33.75,56.95,35.5,47.85,742.5,1307.8,2171.65,1385,1867.5,No,Yes,Yes,Yes,Yes,Yes,Yes,Yes,No,No
ID0541,Yes,Yes,Yes,Yes,10.75,33.5,35.3,11,44.6,546.65,1772.35,1726.45,615,2407.15,Yes,Yes,No,No,Yes,Yes,Yes,Yes,No,No
ID0542,Yes,No,Yes,No,12.95,32.5,0,26.25,0,716.25,1783.55,0,1355,0,Yes,No,No,No,Yes,Yes,Yes,Yes,No,No
ID0543,Yes,Yes,Yes,Yes,8.3,14.75,52,18,47,160.4,359.25,1183.65,430,1117.55,Yes,Yes,Yes,No,Yes,Yes,Yes,Yes,Yes,No
ID0544,No,No,Yes,No,8.8,0,0,20.75,0,264.05,0,0,690,0,No,No,No,No,No,No,No,No,No,No
ID0545,No,No,Yes,No,13.4,0,0,27.5,0,560.55,0,0,1315,0,Yes,No,Yes,No,Yes,Yes,Yes,Yes,No,No
ID0546,Yes,Yes,Yes,Yes,8.15,26.5,50.95,31.75,55.55,364.8,1323.5,2289.7,1410,2725.3,Yes,Yes,Yes,Yes,Yes,Yes,Yes,Yes,Yes,No
ID0547,No,No,Yes,No,11,0,0,8.75,0,476.15,0,0,405,0,No,No,No,No,No,No,No,No,No,No
ID0548,Yes,Yes,Yes,No,18.15,46.25,49.2,21.25,0,958.7,2530.9,2610.6,1105,0,No,No,No,No,Yes,Yes,Yes,Yes,No,No
ID0549,No,No,No,No,9.85,0,0,0,0,469.1,0,0,0,0,No,No,No,No,No,No,No,No,No,No
ID0550,No,Yes,No,No,2.45,0,21.9,0,0,19.25,0,65.1,0,0,No,No,No,Yes,No,No,No,No,Yes,Yes
ID0551,No,Yes,No,No,10.4,0,44,0,0,476.45,0,2096.75,0,0,Yes,Yes,No,Yes,No,No,No,No,Yes,No
ID0552,No,Yes,Yes,Yes,6.4,0,37.6,22.75,46.2,160.3,0,788.4,450,979.25,Yes,Yes,Yes,Yes,Yes,Yes,Yes,Yes,Yes,Yes
ID0553,Yes,Yes,No,No,14.05,9.25,30.35,0,0,465.2,306.05,916.5,0,0,Yes,No,No,Yes,No,No,No,No,Yes,Yes
ID0554,Yes,No,Yes,No,6.6,43.5,0,29.5,0,350.85,2423.3,0,1685,0,No,No,No,No,Yes,Yes,Yes,Yes,No,No
ID0555,No,No,No,No,4.2,0,0,0,0,47.45,0,0,0,0,No,No,No,No,No,No,No,No,No,No
ID0556,No,No,Yes,No,14.6,0,0,29.5,0,785.4,0,0,1600,0,No,No,No,No,No,No,No,No,No,No
ID0557,Yes,No,Yes,No,9.05,21.5,0,8,0,333,695.95,0,275,0,No,Yes,No,No,Yes,Yes,Yes,Yes,Yes,No
ID0558,Yes,No,Yes,No,8.55,14.75,0,22,0,86.05,142.05,0,200,0,No,No,No,No,Yes,Yes,Yes,Yes,No,No
ID0559,No,No,Yes,No,17.25,0,0,17.75,0,1045.7,0,0,1085,0,Yes,No,No,No,Yes,No,No,No,Yes,No
ID0560,Yes,No,Yes,Yes,5.65,36.25,0,19.75,40.4,305.75,1872.75,0,995,2005.45,Yes,Yes,Yes,Yes,Yes,Yes,Yes,Yes,No,No
ID0561,No,No,Yes,No,10.4,0,0,22.5,0,664.65,0,0,1470,0,Yes,No,No,No,No,No,No,No,No,No
ID0562,Yes,No,Yes,Yes,17.65,28.5,0,41,28.55,950.7,1502.2,0,2170,1524.6,No,Yes,Yes,No,Yes,Yes,Yes,Yes,No,No
ID0563,No,Yes,No,No,7.9,0,30.15,0,0,196.95,0,672.4,0,0,No,Yes,No,Yes,No,No,No,No,Yes,Yes
ID0564,Yes,Yes,Yes,No,1.1,5.75,22.8,2.75,0,1.1,5.75,22.8,2.75,0,No,No,No,Yes,Yes,No,No,No,Yes,Yes
ID0565,Yes,No,Yes,No,14,30.75,0,14.75,0,938.35,2128.2,0,965,0,Yes,No,No,No,Yes,Yes,Yes,Yes,No,No
ID0566,No,Yes,No,No,3.65,0,36.45,0,0,38.05,0,235.75,0,0,Yes,No,No,Yes,No,No,No,No,Yes,Yes
ID0567,No,No,Yes,No,3.15,173,0,9.5,0,55.55,0,0,175,0,No,No,No,No,No,No,No,No,No,No
ID0568,No,Yes,Yes,No,6.2,0,29.55,12.75,0,229.5,0,991.35,415,0,Yes,No,No,Yes,No,No,No,Yes,No,No
ID0569,No,No,No,No,8.45,0,0,0,0,109.85,0,0,0,0,No,No,No,No,No,No,No,No,No,No
ID0570,Yes,Yes,Yes,No,2.1,13.75,25.95,8.75,0,6.9,44.95,82.25,25,0,No,Yes,No,Yes,Yes,No,Yes,Yes,No,No
ID0571,No,Yes,No,No,6.85,0,36.05,0,0,106.5,0,701.5,0,0,Yes,No,No,Yes,No,No,No,No,Yes,Yes
ID0572,Yes,Yes,Yes,Yes,20.15,39.25,46.3,17.25,36.4,1443.75,2490.65,2895.25,1055,2322.2,Yes,Yes,Yes,Yes,Yes,Yes,Yes,Yes,Yes,No
ID0573,No,No,Yes,No,22.4,0,0,18.5,0,1464.9,0,0,1225,0,No,No,No,No,Yes,Yes,Yes,Yes,No,No
ID0574,Yes,Yes,Yes,Yes,5.4,16,39.2,13.75,33.55,83.15,189.45,422.8,140,331.65,No,Yes,Yes,Yes,Yes,Yes,Yes,No,Yes,Yes
ID0575,No,Yes,No,No,6.35,0,19.75,0,0,30.8,0,109.25,0,0,No,No,No,Yes,No,No,No,No,No,Yes
ID0576,No,Yes,No,Yes,4.6,0,35.45,0,27.7,54.85,0,398.95,0,339.75,No,Yes,Yes,Yes,No,No,No,No,Yes,No
ID0577,Yes,Yes,Yes,Yes,2.1,16.25,43.2,12.25,33.6,5.1,31.3,47.05,5,24.2,Yes,Yes,Yes,Yes,Yes,Yes,Yes,Yes,Yes,Yes
ID0578,No,No,Yes,No,8.15,0,0,12,0,32.25,0,0,25,0,No,No,No,No,No,No,No,No,No,No
ID0579,Yes,Yes,Yes,Yes,14.3,19.5,39.6,15.25,28.95,459.05,616.5,1396.3,495,984.1,Yes,Yes,Yes,Yes,Yes,Yes,Yes,Yes,Yes,Yes
ID0580,No,No,No,No,6.85,0,0,0,0,102.5,0,0,0,0,No,No,No,No,No,Yes,No,Yes,No,No
ID0581,No,No,Yes,No,18.9,0,0,12,0,653.15,0,0,470,0,Yes,No,No,No,No,No,No,No,Yes,No
ID0582,No,No,Yes,No,12.75,0,0,23.75,0,622.15,0,0,1015,0,Yes,No,No,No,No,Yes,Yes,Yes,No,No
ID0583,Yes,No,Yes,Yes,30.55,46.25,0,26.25,46.7,2291.1,3114.95,0,1805,3292.65,Yes,No,No,No,Yes,Yes,Yes,Yes,No,No
ID0584,No,No,No,No,3.4,0,0,0,0,107.85,0,0,0,0,No,No,No,No,No,No,No,No,No,No
ID0585,No,Yes,Yes,No,4.95,0,31.55,10.75,0,203.65,0,1301.85,460,0,No,No,No,Yes,No,No,No,No,Yes,No
ID0586,Yes,No,Yes,No,11.9,25.25,0,8.25,0,524.25,1108.4,0,305,0,Yes,No,No,No,Yes,Yes,Yes,Yes,No,No
ID0587,No,No,No,No,5.45,0,0,0,0,165.4,0,0,0,0,No,No,No,No,No,No,No,No,No,No
ID0588,No,No,Yes,No,5.9,0,0,23,0,277.65,0,0,945,0,No,No,No,No,No,No,No,Yes,No,No
ID0589,No,Yes,Yes,No,6.7,0,20.2,31.25,0,251.35,0,825.15,1240,0,No,No,No,Yes,No,No,No,No,No,No
ID0590,No,No,No,No,7.2,0,0,0,0,231.75,0,0,0,0,No,No,No,No,No,No,No,No,No,No
ID0591,No,No,Yes,No,14.6,0,0,14.25,0,912.4,0,0,845,0,No,Yes,No,Yes,Yes,Yes,No,Yes,No,No
ID0592,Yes,No,Yes,Yes,3.2,41,0,15.75,35.4,35.5,502,0,210,373,No,Yes,Yes,Yes,Yes,Yes,Yes,Yes,No,No
ID0593,Yes,No,Yes,No,13.85,50.5,0,21,0,583.1,2284.25,0,935,0,No,No,No,No,Yes,Yes,Yes,Yes,No,No
ID0594,No,No,Yes,No,18.95,0,0,30.5,0,880.75,0,0,1395,0,No,No,No,No,No,No,No,No,No,No
ID0595,Yes,No,Yes,No,7.9,23,0,15.75,0,210.85,515.8,0,345,0,Yes,No,No,No,Yes,Yes,Yes,No,No,No
ID0596,Yes,Yes,Yes,Yes,9.55,21.25,59.2,10,79.2,375.4,872.5,2361.9,385,2973,Yes,Yes,Yes,Yes,Yes,Yes,Yes,Yes,Yes,No
ID0597,No,No,Yes,No,7.55,0,0,6.5,0,156.15,0,0,105,0,No,Yes,No,No,Yes,Yes,Yes,No,No,No
ID0598,No,No,No,No,7.3,0,0,0,0,102.4,0,0,0,0,No,No,No,No,Yes,No,Yes,Yes,No,No
ID0599,Yes,Yes,No,No,2.1,19.5,27.45,0,0,5.2,81.15,103.45,0,0,Yes,No,Yes,No,Yes,Yes,Yes,Yes,Yes,Yes
ID0600,No,No,No,No,3.6,0,0,0,0,35.4,0,0,0,0,No,No,No,No,No,No,No,No,Yes,No
ID0601,Yes,Yes,No,No,7,11,26.25,0,0,29.2,56.45,90.75,0,0,No,No,Yes,No,No,No,No,No,Yes,Yes
ID0602,No,Yes,No,No,5.05,0,28.65,0,0,85.05,0,523.05,0,0,Yes,Yes,No,Yes,No,Yes,No,No,No,No
ID0603,No,No,No,No,3.55,0,0,0,0,19.7,0,0,0,0,No,No,No,No,No,No,Yes,No,No,No
ID0604,Yes,No,Yes,No,5.95,21.5,0,11.25,0,117.55,423.6,0,190,0,No,No,No,No,Yes,Yes,Yes,Yes,No,No
ID0605,No,No,Yes,No,7.35,0,0,19.25,0,217.45,0,0,600,0,Yes,No,No,No,No,No,No,No,Yes,No
ID0606,Yes,No,Yes,No,18.45,28.25,0,11,0,961.75,1535.25,0,570,0,Yes,No,No,No,No,No,No,Yes,No,No
ID0607,Yes,No,Yes,No,11.7,26,0,23.25,0,577.1,1267.2,0,1195,0,No,Yes,No,No,Yes,Yes,Yes,Yes,No,No
ID0608,No,No,Yes,No,13.9,0,0,4.5,0,556.2,0,0,135,0,No,No,No,No,No,No,No,No,No,No
ID0609,Yes,Yes,Yes,Yes,2.8,16.5,36,37.75,21.7,8.2,74.45,44.4,70,47.9,No,Yes,Yes,No,Yes,Yes,Yes,Yes,Yes,Yes
ID0610,No,Yes,No,No,4.5,0,31.85,0,0,92.65,0,646.05,0,0,No,No,No,Yes,No,No,No,No,No,Yes
ID0611,No,No,No,No,6.1,0,0,0,0,89.6,0,0,0,0,Yes,No,No,No,Yes,No,Yes,Yes,Yes,No
ID0612,Yes,No,Yes,No,44.95,15.75,0,20,0,3002.2,1089.05,0,1295,0,Yes,No,No,No,No,No,No,No,No,No
ID0613,Yes,No,Yes,No,13.7,16.25,0,6.75,0,371.35,450,0,165,0,No,No,No,No,Yes,No,No,Yes,No,No
ID0614,Yes,No,Yes,Yes,22.25,27.5,0,26.75,29.75,1549.95,1782.1,0,1885,2096.55,Yes,No,No,No,Yes,Yes,Yes,Yes,No,No
ID0615,No,No,No,No,33.65,0,0,0,0,1871.2,0,0,0,0,No,No,No,No,Yes,Yes,Yes,Yes,No,No
ID0616,No,Yes,Yes,No,6.2,0,28.4,7.25,0,82.6,0,242.9,95,0,No,No,No,Yes,No,No,No,No,Yes,No
ID0617,No,No,Yes,No,2.95,0,0,7.25,0,21.55,0,0,35,0,No,No,No,No,Yes,No,Yes,No,No,No
ID0618,Yes,Yes,No,Yes,3.75,17,31.95,0,21.9,59.75,253.35,463.25,0,309.05,No,No,No,No,Yes,Yes,Yes,Yes,Yes,No
ID0619,No,Yes,Yes,No,16.7,0,32.25,11.75,0,1020.35,0,1939.15,680,0,Yes,Yes,No,No,No,No,No,No,No,No
ID0620,Yes,No,Yes,Yes,30.75,22.25,0,12.25,47.4,1829.4,1391,0,670,2962.1,Yes,Yes,Yes,No,Yes,Yes,Yes,Yes,Yes,No
ID0621,Yes,No,Yes,No,14.75,20.25,0,10.75,0,786.2,1170.75,0,570,0,No,No,No,No,Yes,No,No,Yes,No,No
ID0622,No,No,Yes,No,3.4,0,0,8.25,0,49.7,0,0,160,0,No,No,No,No,Yes,No,No,No,No,No
ID0623,No,Yes,No,No,4.1,0,29.35,0,0,64.95,0,514.15,0,0,Yes,No,No,No,No,No,No,No,Yes,Yes
ID0624,No,Yes,Yes,No,7.25,0,33.7,18.75,0,263.55,0,1153.35,630,0,Yes,No,No,Yes,No,No,No,No,No,No
ID0625,Yes,Yes,Yes,Yes,16.6,19,58.7,16.5,51.35,520.4,537.4,1712.5,450,1533.9,No,Yes,Yes,Yes,Yes,Yes,Yes,Yes,Yes,No
ID0626,No,No,No,No,9.6,0,0,0,0,159.2,0,0,0,0,No,No,No,No,No,Yes,No,No,No,No
ID0627,Yes,Yes,Yes,Yes,6.9,15.75,42.75,17.25,30.95,100.9,278.5,615.4,255,450.45,No,Yes,Yes,Yes,Yes,Yes,Yes,Yes,Yes,Yes
ID0628,Yes,Yes,Yes,No,19.6,35.75,34.25,62,0,1411.7,2396.7,2440.55,4125,0,Yes,No,No,No,No,Yes,Yes,No,No,No
ID0629,Yes,No,Yes,No,23.1,29.25,0,25.5,0,1566.8,2063.45,0,1750,0,No,No,No,No,No,No,No,No,No,No
ID0630,No,No,No,No,6.05,0,0,0,0,137.7,0,0,0,0,No,No,Yes,No,No,No,No,No,No,No
ID0631,Yes,No,Yes,Yes,18.05,30.25,0,8.75,30.4,812.65,1472.7,0,475,1503.95,Yes,No,Yes,No,Yes,Yes,Yes,Yes,No,No
ID0632,Yes,No,Yes,No,12.8,27.75,0,10.5,0,204.95,520.6,0,170,0,No,No,No,Yes,No,No,Yes,No,No,No
ID0633,Yes,No,Yes,Yes,4.05,25.75,0,27.5,22.5,117.05,628.05,0,570,529.1,No,No,Yes,No,Yes,Yes,Yes,Yes,No,No
ID0634,Yes,No,No,Yes,8.25,24.5,0,0,26.4,140.85,404.8,0,0,447.95,Yes,Yes,No,No,Yes,Yes,No,Yes,Yes,No
ID0635,No,Yes,No,No,7.65,0,23.25,0,0,75.25,0,169.75,0,0,No,No,No,No,No,No,Yes,No,No,Yes
ID0636,Yes,Yes,Yes,Yes,4.3,23,45.15,22.75,31.3,41.35,357.5,582,305,474.5,No,Yes,Yes,Yes,Yes,Yes,Yes,Yes,Yes,Yes
ID0637,No,Yes,Yes,No,9.2,0,37.2,18.75,0,539.65,0,2302.4,1160,0,Yes,No,No,No,Yes,No,No,No,No,No
ID0638,No,Yes,No,Yes,4.7,0,39.65,0,20.8,26.3,0,318.25,0,135.95,No,Yes,Yes,Yes,No,No,No,No,Yes,Yes
ID0639,No,No,Yes,No,32.65,0,0,41.75,0,2412.6,0,0,3085,0,Yes,No,No,No,Yes,Yes,Yes,No,No,No
ID0640,Yes,No,Yes,No,16.1,36,0,11,0,972,2245.35,0,645,0,No,No,No,No,Yes,Yes,Yes,Yes,No,No
ID0641,Yes,Yes,Yes,Yes,6,21.25,34.4,9.75,26.9,164.2,473.4,711.4,215,491.1,No,No,Yes,Yes,Yes,Yes,Yes,No,No,No
ID0642,No,No,Yes,No,3.95,0,0,36.25,0,79.6,0,0,685,0,Yes,No,No,No,Yes,Yes,No,Yes,No,No
ID0643,Yes,No,Yes,No,15.85,24.75,0,8.75,0,757.4,1228.85,0,395,0,No,No,No,No,Yes,Yes,Yes,Yes,No,No
ID0644,No,No,No,No,4.95,0,0,0,0,14.8,0,0,0,0,No,No,No,No,No,No,No,No,No,No
ID0645,No,Yes,No,Yes,4.15,0,39.1,0,27.05,93.25,0,1225.35,0,841.95,No,Yes,No,Yes,No,No,No,No,Yes,Yes
ID0646,No,Yes,Yes,No,7.15,0,24.6,10,0,277.5,0,891.8,355,0,Yes,No,No,Yes,No,No,No,No,Yes,No
ID0647,Yes,Yes,Yes,Yes,16.5,36,54.2,22.75,28.4,692.2,1540.15,2100.25,910,1199.95,Yes,Yes,No,No,Yes,Yes,Yes,Yes,Yes,No
ID0648,Yes,Yes,Yes,Yes,4.15,21.5,43.7,11.75,38.8,34.7,188.35,431.3,110,415.8,Yes,Yes,Yes,Yes,No,Yes,Yes,No,Yes,Yes
ID0649,Yes,No,No,No,5.8,22.5,0,0,0,163.65,566.15,0,0,0,No,No,No,No,Yes,Yes,No,Yes,No,No
ID0650,Yes,No,No,No,8.25,21.75,0,0,0,186.5,438.4,0,0,0,No,No,No,No,Yes,No,No,No,No,No
ID0651,Yes,No,Yes,Yes,4.75,26.25,0,48.5,24.45,21.75,115,0,140,50.45,No,Yes,No,No,Yes,Yes,Yes,Yes,No,No
ID0652,No,No,No,No,10.05,0,0,0,0,373.75,0,0,0,0,No,No,No,No,No,No,No,No,No,No
ID0653,No,No,Yes,No,15.1,0,0,18.5,0,494.45,0,0,665,0,No,No,No,No,Yes,Yes,Yes,Yes,No,No
ID0654,Yes,No,No,No,7.65,16,0,0,0,177.4,420.65,0,0,0,No,No,No,No,No,No,No,No,No,No
ID0655,No,No,No,No,3.2,0,0,0,0,9.9,0,0,0,0,No,No,No,No,No,No,No,No,No,No
ID0656,Yes,No,Yes,No,13.9,32,0,20.25,0,732.2,1671.9,0,1125,0,No,No,No,No,Yes,Yes,No,Yes,No,No
ID0657,Yes,No,Yes,No,8.85,19.5,0,53.25,0,77,123.3,0,325,0,No,No,No,No,Yes,Yes,Yes,Yes,No,No
ID0658,Yes,Yes,Yes,Yes,6.2,27.5,42.4,40,36.3,45.95,225.85,373.15,340,290.65,No,Yes,Yes,Yes,Yes,Yes,Yes,Yes,Yes,Yes
ID0659,No,Yes,No,No,3.3,0,30.3,0,0,88.65,0,711.2,0,0,Yes,No,No,Yes,No,No,No,No,Yes,Yes
ID0660,No,Yes,No,No,3.7,0,24.3,0,0,48.55,0,243.4,0,0,No,No,No,Yes,No,No,No,No,Yes,Yes
ID0661,Yes,No,Yes,No,9.05,18.5,0,8.75,0,385.2,845.65,0,365,0,No,No,No,No,Yes,Yes,Yes,Yes,No,No
ID0662,No,No,Yes,No,8.95,0,0,15.25,0,492.35,0,0,855,0,Yes,No,No,No,No,No,No,No,No,No
ID0663,No,No,No,No,3.2,0,0,0,0,13.55,0,0,0,0,No,No,No,No,No,No,No,No,No,No
ID0664,Yes,Yes,No,Yes,4.4,17.25,35.65,0,42.05,34.65,155.15,237.8,0,288.25,Yes,Yes,Yes,Yes,Yes,Yes,Yes,Yes,Yes,Yes
ID0665,Yes,No,Yes,No,7.45,15.5,0,11.75,0,112.8,280.85,0,150,0,No,No,Yes,No,No,Yes,Yes,Yes,Yes,No
ID0666,No,No,Yes,No,7.3,0,0,33.75,0,231.45,0,0,1050,0,No,No,No,No,No,No,No,No,No,No
ID0667,Yes,Yes,Yes,Yes,3,30.5,59.3,23.5,60.3,36.2,226.3,459.15,155,444.65,Yes,Yes,Yes,Yes,Yes,Yes,Yes,Yes,Yes,Yes
ID0668,No,Yes,No,No,4.5,0,28.5,0,0,36.45,0,230.3,0,0,Yes,No,No,Yes,No,No,No,Yes,Yes,Yes
ID0669,No,Yes,No,No,5.85,0,22.15,0,0,102.45,0,274.7,0,0,Yes,No,No,No,No,No,No,No,No,Yes
ID0670,Yes,Yes,Yes,Yes,14.4,25.75,37.2,57.75,36.95,339.55,591.2,870.05,1415,901.6,Yes,Yes,Yes,Yes,Yes,Yes,Yes,Yes,Yes,Yes
ID0671,No,No,Yes,No,37.3,0,0,109.25,0,2686.25,0,0,7515,0,Yes,No,No,No,No,No,No,No,No,No
ID0672,No,No,Yes,No,16.35,0,0,17,0,956.85,0,0,925,0,Yes,No,No,Yes,No,No,No,No,No,No
ID0673,Yes,No,Yes,No,18.9,47.5,0,25,0,1399.3,3310.4,0,1735,0,Yes,Yes,No,No,Yes,Yes,Yes,Yes,No,No
ID0674,No,No,No,No,12.2,0,0,0,0,121.75,0,0,0,0,No,No,No,No,No,No,No,No,No,No
ID0675,No,Yes,Yes,Yes,9.9,0,43.15,5.5,26.9,496.95,0,2054.95,270,1252.85,Yes,Yes,Yes,Yes,No,No,No,No,Yes,No
ID0676,Yes,No,Yes,Yes,15.25,32.5,0,21.75,39.3,800.25,1644.05,0,1055,1991.75,Yes,No,No,No,Yes,Yes,No,Yes,No,No
ID0677,Yes,Yes,Yes,Yes,4.85,27.5,44.35,23.5,36.85,32.75,285.35,427.75,185,330.55,Yes,Yes,Yes,Yes,Yes,Yes,Yes,Yes,Yes,Yes
ID0678,No,No,Yes,Yes,4.85,0,0,14.25,14.9,68.95,0,0,185,212.25,No,Yes,No,No,Yes,Yes,No,No,No,No
ID0679,Yes,No,Yes,No,5.4,20.5,0,23,0,116.2,398.15,0,415,0,No,Yes,Yes,No,Yes,Yes,Yes,Yes,No,No
ID0680,No,Yes,No,Yes,5.95,0,38.3,0,32,53.75,0,433.05,0,397.3,Yes,Yes,Yes,Yes,No,No,No,No,Yes,Yes
ID0681,No,No,Yes,No,10.15,0,0,13.25,0,600.5,0,0,820,0,Yes,Yes,No,No,No,No,Yes,Yes,Yes,No
ID0682,Yes,No,Yes,No,27,30,0,19.75,0,1722.5,1959.95,0,1245,0,No,No,No,No,Yes,Yes,Yes,Yes,No,No
ID0683,Yes,No,Yes,No,10.2,32.25,0,17.5,0,319.65,885.15,0,500,0,No,No,No,No,Yes,Yes,Yes,Yes,No,No
ID0684,No,Yes,Yes,No,17.9,0,28,15.25,0,982.9,0,1449.6,785,0,No,No,No,Yes,No,No,Yes,Yes,Yes,No
ID0685,Yes,No,Yes,No,33.85,21.75,0,18.25,0,2255.65,1487.7,0,1175,0,No,No,No,No,No,Yes,Yes,Yes,No,No
ID0686,Yes,No,Yes,Yes,4,26.25,0,20.25,21.95,32,131.95,0,50,80.35,No,Yes,No,Yes,Yes,Yes,Yes,Yes,No,No
ID0687,Yes,Yes,Yes,No,16.35,28,23.85,13.25,0,1012.55,1581.7,1395.1,805,0,Yes,No,No,No,No,No,No,No,Yes,No
ID0688,No,No,No,No,5.05,0,0,0,0,59.95,0,0,0,0,No,No,No,Yes,No,No,No,No,No,No
ID0689,Yes,Yes,Yes,Yes,12.85,28.5,48.75,24,37.15,647.95,1542.25,2570.65,1210,1846.5,Yes,Yes,Yes,Yes,Yes,Yes,Yes,Yes,No,No
ID0690,Yes,No,Yes,No,21.05,15.5,0,17.25,0,1264,933.8,0,1065,0,Yes,No,No,Yes,No,No,No,No,Yes,No
ID0691,No,No,Yes,No,17.55,0,0,37,0,1035.95,0,0,2165,0,Yes,No,No,No,No,No,No,Yes,No,No
ID0692,Yes,No,Yes,No,49.35,27,0,10.25,0,3235.55,1838.2,0,690,0,Yes,No,No,No,Yes,Yes,Yes,Yes,No,No
ID0693,No,No,No,No,10.95,0,0,0,0,482.4,0,0,0,0,Yes,No,No,Yes,No,No,Yes,No,No,No
ID0694,No,No,No,No,12.4,0,0,0,0,369.45,0,0,0,0,No,No,No,No,No,No,No,No,No,No
ID0695,Yes,No,Yes,Yes,12.05,48.25,0,33,28.15,307.75,1079.05,0,820,662.2,No,Yes,Yes,No,Yes,Yes,Yes,Yes,Yes,No
ID0696,Yes,No,Yes,No,49.3,31.75,0,26,0,3417.4,2254.15,0,1835,0,Yes,No,No,No,No,No,No,Yes,No,No
ID0697,No,Yes,Yes,Yes,5.15,0,29.15,11.25,28.05,79.05,0,501.05,155,484.2,Yes,Yes,Yes,Yes,Yes,No,Yes,Yes,Yes,Yes
ID0698,No,No,Yes,No,29.6,0,0,18,0,1872.8,0,0,1160,0,Yes,No,No,No,No,Yes,Yes,Yes,No,No
ID0699,Yes,No,Yes,Yes,7.35,18.5,0,9.75,23,125.8,265.55,0,150,375.9,No,No,Yes,Yes,Yes,Yes,Yes,Yes,Yes,No
ID0700,No,No,No,No,7.5,0,0,0,0,258.4,0,0,0,0,Yes,No,No,No,No,No,No,No,No,No
ID0701,No,Yes,No,No,7.9,0,21.95,0,0,267.6,0,597.65,0,0,Yes,No,No,Yes,No,No,No,No,No,Yes
ID0702,No,No,No,No,10.5,0,0,0,0,429.1,0,0,0,0,Yes,No,No,No,No,No,No,No,Yes,No
ID0703,Yes,No,Yes,No,24.4,42.25,0,13.5,0,1567.6,2481.25,0,745,0,No,No,No,No,Yes,Yes,Yes,Yes,No,No
ID0704,Yes,No,Yes,No,6.95,23.25,0,6.5,0,98.5,357.95,0,90,0,No,No,No,No,Yes,Yes,Yes,Yes,No,No
ID0705,No,No,No,No,1.95,0,0,0,0,1.95,0,0,0,0,No,No,No,No,No,No,No,No,No,No
ID0706,No,Yes,Yes,No,16.85,0,36.7,6.5,0,948.3,0,1984.15,365,0,Yes,Yes,No,Yes,No,No,No,No,Yes,No
ID0707,No,Yes,No,No,5.35,0,23.55,0,0,38.4,0,131.2,0,0,Yes,No,No,No,No,No,No,No,Yes,Yes
ID0708,No,No,Yes,No,14.15,0,0,8,0,678.3,0,0,355,0,Yes,No,No,No,No,Yes,No,No,No,No
ID0709,Yes,No,Yes,No,10.2,24.5,0,13.75,0,326.8,824.25,0,405,0,No,No,No,No,Yes,Yes,Yes,Yes,No,No
ID0710,Yes,Yes,Yes,Yes,14.3,55.5,62.15,19.25,83.7,695.2,3086.35,3277.85,1050,4138.55,Yes,Yes,Yes,Yes,Yes,Yes,Yes,Yes,Yes,No
ID0711,Yes,No,Yes,No,10.8,22.25,0,9.25,0,407.55,772.5,0,335,0,No,Yes,Yes,No,Yes,Yes,Yes,Yes,No,No
ID0712,No,No,No,No,10.95,0,0,0,0,302.8,0,0,0,0,No,No,No,No,No,No,No,No,No,No
ID0713,Yes,Yes,Yes,Yes,10.8,35.5,37.5,21,50.9,464.35,1670.95,1766.9,1025,2404.8,Yes,Yes,Yes,Yes,Yes,Yes,Yes,Yes,Yes,No
ID0714,Yes,Yes,Yes,Yes,28.35,32.75,45.15,39.75,56.55,2017.6,2276.3,3225.45,2845,4109.9,Yes,Yes,Yes,Yes,Yes,Yes,Yes,Yes,No,No
ID0715,Yes,Yes,Yes,Yes,3.25,23,39.35,18.5,30.3,9.35,103.3,190.3,95,154.55,No,No,Yes,Yes,Yes,Yes,Yes,Yes,No,Yes
ID0716,No,No,No,No,6.4,0,0,0,0,201.4,0,0,0,0,No,No,No,No,No,No,No,No,No,No
ID0717,Yes,No,Yes,Yes,26.85,26,0,43,33.75,1749.6,1629.65,0,2865,2213.65,Yes,Yes,No,No,Yes,Yes,Yes,Yes,Yes,No
ID0718,Yes,No,Yes,No,14.3,35.25,0,18.5,0,332.9,702.05,0,370,0,Yes,Yes,No,No,Yes,Yes,Yes,Yes,No,No
ID0719,Yes,No,Yes,No,13.35,39.5,0,21,0,806.35,2493.9,0,1260,0,No,No,No,No,Yes,Yes,Yes,Yes,No,No
ID0720,Yes,Yes,Yes,Yes,5.25,21.5,62.4,17,47.8,97.4,419.25,1142.55,275,928.45,Yes,Yes,Yes,Yes,Yes,Yes,Yes,Yes,Yes,Yes
ID0721,Yes,No,Yes,No,3.3,27.5,0,31,0,50.35,531.1,0,540,0,No,No,No,No,No,No,No,Yes,No,No
ID0722,No,Yes,No,No,2.4,0,25.25,0,0,22.6,0,183.25,0,0,No,No,No,No,Yes,No,No,No,No,Yes
ID0723,No,No,No,No,1.6,0,0,0,0,1.6,0,0,0,0,No,No,No,Yes,No,No,No,No,No,No
ID0724,Yes,Yes,No,Yes,6.3,19.75,27.35,0,22.65,67.5,175.15,239.4,0,205.15,No,Yes,Yes,Yes,Yes,Yes,Yes,Yes,Yes,Yes
ID0725,No,Yes,No,No,6.55,0,32.35,0,0,315.2,0,1446.45,0,0,Yes,No,No,Yes,No,No,No,No,Yes,No
ID0726,Yes,Yes,Yes,Yes,5.8,14.25,33.85,31.5,26.6,138.85,363.75,849.85,775,616.55,No,Yes,No,No,No,Yes,Yes,Yes,Yes,No
ID0727,No,No,Yes,No,11.6,0,0,11.5,0,785.7,0,0,785,0,Yes,No,No,No,No,No,No,No,No,No
ID0728,Yes,Yes,Yes,No,3.6,17.75,32.35,12,0,136.9,481.7,807.75,320,0,Yes,Yes,No,No,No,Yes,Yes,Yes,No,No
ID0729,No,No,No,No,6.45,0,0,0,0,157.3,0,0,0,0,No,No,No,No,Yes,No,No,No,No,No
ID0730,No,No,Yes,No,1.8,0,0,10,0,27.1,0,0,140,0,No,No,No,No,Yes,Yes,No,No,No,No
ID0731,Yes,Yes,No,No,4.85,18,31.75,0,0,89.95,286.4,477.8,0,0,No,No,No,No,No,Yes,Yes,No,Yes,Yes
ID0732,No,No,No,No,6.1,0,0,0,0,63.8,0,0,0,0,No,No,No,Yes,No,No,No,Yes,Yes,No
ID0733,No,Yes,Yes,No,3.3,0,34.25,11.25,0,5.9,0,47.65,5,0,No,Yes,No,Yes,Yes,Yes,No,Yes,Yes,Yes
ID0734,No,No,Yes,No,28.75,0,0,7.5,0,1719.2,0,0,415,0,No,No,No,No,No,No,No,No,No,No
ID0735,No,Yes,No,No,10.8,0,25,0,0,508.8,0,1064.75,0,0,Yes,No,No,No,No,No,No,No,Yes,No
ID0736,Yes,No,Yes,No,34.25,21,0,20,0,2298.25,1425.35,0,1355,0,Yes,No,No,No,No,No,No,No,No,No
ID0737,No,No,Yes,No,14.85,0,0,13,0,378.85,0,0,345,0,No,No,No,No,No,No,Yes,No,No,No
ID0738,No,No,No,No,3.85,0,0,0,0,56.3,0,0,0,0,No,No,No,No,Yes,No,No,No,No,No
ID0739,Yes,No,Yes,Yes,7.9,78.75,0,35,38.8,304.45,3104.5,0,1390,1407.85,No,Yes,Yes,No,Yes,Yes,Yes,Yes,No,No
ID0740,Yes,No,No,No,8.5,14.25,0,0,0,323.85,590.45,0,0,0,No,No,No,No,Yes,Yes,No,No,No,No
ID0741,No,Yes,No,No,6.75,0,25.8,0,0,195.2,0,780.85,0,0,Yes,No,No,Yes,No,No,No,No,Yes,No
ID0742,Yes,Yes,Yes,Yes,20.35,29,50.25,20.5,55.9,1263.9,1806.85,3005.2,1140,3353.5,Yes,Yes,Yes,Yes,Yes,Yes,Yes,Yes,Yes,No
ID0743,Yes,No,Yes,No,53.65,22.5,0,66.25,0,4036.9,1717.45,0,4585,0,Yes,No,No,No,Yes,Yes,Yes,No,No,No
ID0744,Yes,No,No,No,15,29.25,0,0,0,597.2,1250.1,0,0,0,No,Yes,No,No,No,Yes,Yes,No,No,No
ID0745,No,No,No,No,11.25,0,0,0,0,359.35,0,0,0,0,No,No,No,No,No,No,No,Yes,Yes,No
ID0746,Yes,Yes,Yes,Yes,12.9,22.75,43.2,12,41.25,652.9,1108.9,1913.55,570,1905.85,Yes,Yes,Yes,Yes,Yes,Yes,No,Yes,Yes,No
ID0747,No,Yes,Yes,No,14.95,0,39.25,13.5,0,974.15,0,2383.1,820,0,Yes,Yes,No,Yes,No,No,No,No,Yes,No
ID0748,No,No,No,No,13.45,0,0,0,0,583.9,0,0,0,0,Yes,No,No,No,No,No,Yes,No,No,No
ID0749,No,Yes,Yes,No,25.6,0,33,16,0,1759.6,0,2200.15,1020,0,Yes,No,No,Yes,No,No,No,No,Yes,No
ID0750,No,No,No,No,4.2,0,0,0,0,25.25,0,0,0,0,No,No,No,No,No,No,No,No,No,No
ID0751,Yes,No,Yes,Yes,16.1,49,0,18.75,50.6,1120.35,3330.85,0,1320,3229.2,Yes,Yes,Yes,Yes,Yes,Yes,Yes,Yes,Yes,No
ID0752,Yes,Yes,Yes,Yes,58.65,24,38.2,20.25,48.85,4219.1,1818,2706.6,1335,3401.6,Yes,Yes,No,Yes,Yes,Yes,Yes,Yes,No,No
ID0753,No,No,Yes,Yes,12.05,0,0,10.75,20.25,547.05,0,0,545,1048.4,Yes,No,No,Yes,No,Yes,Yes,No,Yes,No
ID0754,Yes,No,Yes,No,9.05,24.75,0,11.5,0,182.95,490.25,0,215,0,No,No,No,No,Yes,Yes,Yes,Yes,Yes,No
ID0755,No,No,Yes,No,43.6,0,0,30,0,3040.8,0,0,2020,0,Yes,No,No,No,No,No,No,Yes,No,No
ID0756,No,No,No,No,10.5,0,0,0,0,353,0,0,0,0,No,No,No,Yes,No,No,No,No,No,No
ID0757,Yes,Yes,Yes,No,18.2,24.75,29.95,9.25,0,1037.65,1568.4,1758.4,570,0,Yes,No,No,No,Yes,Yes,Yes,Yes,No,No
ID0758,No,Yes,Yes,Yes,10.6,0,40.4,25.25,23.4,267.3,0,920.15,530,533.85,Yes,No,Yes,Yes,No,No,No,No,Yes,No
ID0759,No,No,Yes,No,16.85,0,0,11.25,0,881.65,0,0,595,0,No,No,No,No,No,No,No,No,No,No
ID0760,No,Yes,Yes,Yes,10.7,0,31.65,5.25,19.05,638.55,0,1717.7,290,894.1,Yes,No,No,Yes,Yes,No,No,Yes,No,No
ID0761,No,Yes,No,Yes,9.4,0,39.55,0,29.4,411.15,0,1758.7,0,1159.3,Yes,Yes,Yes,Yes,Yes,Yes,No,No,No,No
ID0762,Yes,Yes,Yes,Yes,3.65,37,40.3,21.25,43.05,65.15,690.85,742.95,385,741.65,Yes,Yes,Yes,Yes,Yes,Yes,Yes,Yes,No,Yes
ID0763,Yes,No,Yes,No,5.55,15.75,0,6.5,0,23.9,62.25,0,25,0,No,No,No,No,Yes,Yes,Yes,Yes,No,No
ID0764,No,No,Yes,No,8.2,0,0,11,0,210.25,0,0,265,0,No,No,No,Yes,No,No,No,No,Yes,No
ID0765,No,No,Yes,No,18.45,0,0,19,0,1152.7,0,0,1150,0,Yes,No,No,No,No,No,No,No,No,No
ID0766,Yes,Yes,Yes,Yes,6.4,18,43.1,23.75,47.7,71,259,597.8,295,644.35,Yes,Yes,Yes,Yes,Yes,Yes,Yes,Yes,Yes,Yes
ID0767,Yes,No,Yes,Yes,13.05,44.25,0,17,69.55,760.95,2601.85,0,1050,4154.55,Yes,Yes,Yes,No,Yes,Yes,Yes,Yes,No,No
ID0768,Yes,No,Yes,No,7.25,30.25,0,17.25,0,225.3,906,0,585,0,No,No,No,No,Yes,Yes,Yes,Yes,No,No
ID0769,No,Yes,No,No,4.95,0,29.7,0,0,205.65,0,1151.35,0,0,Yes,No,No,Yes,No,No,No,No,Yes,No
ID0770,No,No,Yes,No,14.3,0,0,11.5,0,567.95,0,0,485,0,No,No,No,No,No,No,No,No,No,No
ID0771,No,No,No,No,5.65,0,0,0,0,126.4,0,0,0,0,Yes,No,No,Yes,No,No,No,No,No,No
ID0772,No,No,Yes,No,2.25,0,0,23.5,0,8,0,0,85,0,No,No,No,No,Yes,No,Yes,Yes,No,No
ID0773,Yes,No,Yes,Yes,4.25,43.25,0,38.75,39.55,184.9,1980.05,0,1655,1655.9,Yes,Yes,Yes,No,Yes,Yes,Yes,Yes,No,No
ID0774,Yes,No,Yes,No,13.9,33.25,0,12.75,0,668.95,1624.6,0,615,0,No,No,No,No,Yes,Yes,Yes,Yes,No,No
ID0775,Yes,No,No,No,3.5,19.5,0,0,0,14.2,105.9,0,0,0,No,No,No,No,Yes,No,Yes,Yes,No,No
ID0776,No,No,Yes,No,51.9,0,0,15.75,0,3438.4,0,0,1075,0,Yes,No,No,No,No,No,No,No,No,No
ID0777,No,No,Yes,No,7.25,0,0,8.5,0,200.1,0,0,285,0,No,No,No,No,No,No,No,No,No,No
ID0778,Yes,Yes,Yes,Yes,10,20.75,53.6,26.5,55.3,313.05,590.9,1481.35,710,1424.2,No,Yes,Yes,Yes,Yes,Yes,Yes,Yes,Yes,No
ID0779,Yes,Yes,Yes,Yes,4.7,24.25,44.65,16.5,32.5,30.75,131.9,184.25,60,106.2,Yes,Yes,Yes,Yes,Yes,Yes,Yes,Yes,No,Yes
ID0780,Yes,Yes,Yes,Yes,8.25,32.5,35.65,11,33.85,202.55,897.95,903.25,205,805.95,No,Yes,Yes,No,Yes,Yes,Yes,Yes,Yes,No
ID0781,No,Yes,No,No,8.65,0,28.95,0,0,133.1,0,450.2,0,0,No,No,No,No,No,No,No,No,Yes,Yes
ID0782,No,No,No,No,2.5,0,0,0,0,9.15,0,0,0,0,No,No,No,No,No,No,No,No,No,No
ID0783,Yes,No,No,No,13.35,22.5,0,0,0,397.4,636.35,0,0,0,No,No,No,Yes,Yes,Yes,No,Yes,No,No
ID0784,Yes,No,Yes,Yes,10.15,40,0,27.75,38.35,781.7,2912.3,0,2030,2590.65,Yes,No,Yes,Yes,Yes,Yes,Yes,Yes,No,No
ID0785,No,No,Yes,No,25.35,0,0,26.75,0,1692,0,0,1755,0,No,No,No,No,No,Yes,No,No,No,No
ID0786,No,No,Yes,No,5.55,0,0,11.25,0,133.4,0,0,265,0,No,No,No,No,No,No,No,No,No,No
ID0787,No,Yes,Yes,No,11.45,0,28.7,10.5,0,288.05,0,675.4,220,0,No,No,No,Yes,No,No,No,No,Yes,Yes
ID0788,Yes,No,Yes,No,13.6,28.75,0,11.75,0,796.4,1625.1,0,660,0,No,No,No,No,Yes,Yes,Yes,Yes,No,No
ID0789,Yes,No,Yes,No,29.2,21.5,0,12.75,0,1726.6,1231.9,0,655,0,Yes,No,No,No,Yes,Yes,No,No,Yes,No
ID0790,No,No,No,No,9.15,0,0,0,0,387.95,0,0,0,0,Yes,Yes,No,Yes,No,No,No,No,Yes,No
ID0791,No,No,No,No,4.85,0,0,0,0,88.9,0,0,0,0,Yes,No,No,No,No,No,No,No,No,No
ID0792,No,Yes,Yes,No,11.1,0,25.6,10.5,0,620.75,0,1471.4,625,0,No,No,No,Yes,No,No,No,No,No,No
ID0793,No,No,Yes,No,12.65,0,0,11.75,0,488.15,0,0,500,0,Yes,No,No,No,No,No,No,Yes,No,No
ID0794,Yes,Yes,Yes,Yes,9.25,21,41.4,17.75,41,138.5,282.3,634.1,265,595.3,No,Yes,No,No,Yes,Yes,Yes,Yes,No,No
ID0795,No,No,No,No,2.3,0,0,0,0,30.5,0,0,0,0,No,No,No,No,No,No,No,Yes,No,No
ID0796,Yes,No,Yes,No,9.9,31.75,0,18,0,608.65,1972.1,0,1070,0,No,No,No,No,Yes,Yes,Yes,Yes,No,No
ID0797,No,No,Yes,No,41.15,0,0,33.25,0,3098.55,0,0,2345,0,Yes,No,No,No,No,No,No,No,No,No
ID0798,Yes,Yes,Yes,Yes,9.7,21.75,41.75,8.5,61.6,294.8,680.3,1342.05,255,2019.75,Yes,Yes,Yes,Yes,No,Yes,No,No,Yes,No
ID0799,No,No,Yes,Yes,30.25,0,0,13.25,42.85,2182.65,0,0,900,2940.35,Yes,Yes,Yes,No,Yes,Yes,Yes,Yes,No,No
ID0800,Yes,Yes,Yes,Yes,25,34.25,45,16,53,1636.25,2242.55,2816.25,1005,3538.5,Yes,Yes,Yes,No,Yes,Yes,Yes,Yes,No,No
ID0801,Yes,No,Yes,No,5.4,52,0,34,0,291.5,2794.95,0,1660,0,No,No,No,No,Yes,Yes,Yes,Yes,No,No
ID0802,Yes,Yes,Yes,Yes,9.7,21.5,39.9,9.5,42.9,220.75,480.1,857.2,175,883.2,Yes,No,Yes,Yes,Yes,Yes,Yes,Yes,Yes,Yes
ID0803,No,No,No,No,4.4,0,0,0,0,71.2,0,0,0,0,No,No,No,No,Yes,No,Yes,No,No,No
ID0804,No,No,Yes,Yes,18.35,0,0,19,34.5,893.25,0,0,935,1711.7,No,No,No,No,Yes,Yes,Yes,Yes,No,No
ID0805,Yes,No,Yes,Yes,5.55,33.75,0,37.25,30,211.05,1129.25,0,1215,946.8,No,No,Yes,No,Yes,Yes,Yes,Yes,No,No
ID0806,Yes,No,Yes,No,39.1,65,0,39.75,0,2743.65,4748.45,0,2830,0,Yes,No,No,No,Yes,Yes,Yes,Yes,No,No
ID0807,No,No,Yes,Yes,10,0,0,14,27.15,376.6,0,0,555,1035.5,Yes,Yes,No,No,Yes,Yes,Yes,Yes,No,No
ID0808,No,Yes,Yes,Yes,6.1,0,47,24.25,35.55,175.3,0,1265.65,710,965.9,Yes,Yes,Yes,Yes,Yes,No,Yes,Yes,Yes,Yes
ID0809,No,No,Yes,No,18.05,0,0,19,0,1140.2,0,0,1135,0,No,No,No,No,Yes,Yes,Yes,Yes,No,No
ID0810,Yes,Yes,Yes,Yes,12.7,24.5,39.05,24.25,34.2,763.1,1348.15,2108.1,1310,1848.85,Yes,No,Yes,Yes,Yes,No,No,No,Yes,No
ID0811,Yes,No,Yes,Yes,21.5,77.75,0,10.25,64.2,1377,4628.5,0,570,3756.15,No,Yes,Yes,No,Yes,Yes,Yes,Yes,No,No
ID0812,No,No,No,No,10.95,0,0,0,0,263.95,0,0,0,0,No,No,No,No,Yes,No,No,No,Yes,No
ID0813,No,No,Yes,No,5.95,0,0,21.25,0,227.85,0,0,835,0,Yes,No,No,Yes,No,No,No,Yes,No,No
ID0814,No,No,Yes,No,21.1,0,0,9.75,0,1432.8,0,0,585,0,No,No,No,No,Yes,No,Yes,No,No,No
ID0815,Yes,No,Yes,No,7.6,33.75,0,14.5,0,240.85,937.85,0,395,0,No,No,Yes,No,Yes,Yes,Yes,Yes,No,No
ID0816,Yes,No,Yes,No,9.6,21.75,0,17.25,0,272.85,607.95,0,435,0,No,No,No,No,Yes,Yes,Yes,Yes,No,No
ID0817,Yes,No,Yes,Yes,3.75,22.25,0,23.5,27.1,4.45,44.65,0,15,25.65,No,No,Yes,No,Yes,Yes,Yes,Yes,No,No
ID0818,Yes,Yes,Yes,No,35.85,39.75,34.3,22.25,0,2368.9,2522.75,2170.85,1435,0,Yes,No,No,No,Yes,No,Yes,Yes,No,No
ID0819,Yes,Yes,Yes,Yes,3.1,18.5,37.9,22.75,26.4,21.45,114.8,140.35,120,109.6,No,No,Yes,Yes,Yes,Yes,No,No,Yes,No
ID0820,Yes,No,Yes,No,16.95,43,0,28.5,0,874.45,2007.4,0,1270,0,No,No,No,No,Yes,No,Yes,Yes,No,No
ID0821,No,No,No,No,3.7,0,0,0,0,38.2,0,0,0,0,No,No,No,No,No,No,No,No,No,No
ID0822,No,No,No,No,5.5,0,0,0,0,84.25,0,0,0,0,Yes,No,No,No,No,No,Yes,Yes,No,No
ID0823,Yes,Yes,Yes,Yes,17.8,23.75,36.3,10.5,31.75,374.05,513.65,738.9,205,642.2,Yes,Yes,No,Yes,No,Yes,Yes,No,Yes,Yes
ID0824,Yes,Yes,Yes,Yes,6.45,16.25,48.15,31,34.55,140.85,415.55,1202.65,790,828.25,Yes,Yes,Yes,Yes,Yes,Yes,Yes,Yes,Yes,Yes
ID0825,No,No,Yes,No,14.4,0,0,12,0,632.95,0,0,490,0,No,No,No,No,No,No,No,No,No,No
ID0826,Yes,Yes,Yes,Yes,10.2,24.25,42.85,16,43.35,592.2,1524.8,2444.7,885,2450.9,Yes,No,Yes,No,Yes,No,Yes,Yes,Yes,No
ID0827,No,No,No,No,6.95,0,0,0,0,84.05,0,0,0,0,No,No,No,No,No,No,No,No,No,No
ID0828,Yes,Yes,Yes,Yes,12.4,20.5,40.8,18.25,25.15,601.1,993.65,2025.25,870,1217.35,No,No,No,Yes,Yes,No,Yes,Yes,Yes,No
ID0829,No,No,No,No,4.15,0,0,0,0,94.25,0,0,0,0,Yes,No,No,No,No,No,No,No,No,No
ID0830,No,Yes,No,No,7.1,0,24.95,0,0,120.35,0,401.8,0,0,Yes,No,No,Yes,No,No,No,No,Yes,Yes
ID0831,Yes,No,Yes,Yes,5.25,15.5,0,31.75,33.95,81.05,237.9,0,490,446.1,No,Yes,No,No,Yes,Yes,Yes,Yes,No,No
ID0832,No,No,Yes,No,13.5,0,0,19,0,901,0,0,1240,0,Yes,No,No,No,No,No,No,No,No,No
ID0833,No,Yes,Yes,No,25.95,0,36.9,18.75,0,1812.15,0,2630.5,1270,0,No,No,No,Yes,No,No,No,No,Yes,No
ID0834,No,No,No,No,6.75,0,0,0,0,171.75,0,0,0,0,No,No,No,No,No,No,No,No,No,No
ID0835,Yes,No,Yes,Yes,6.1,22.75,0,13.25,21.35,119.95,441.25,0,290,467.05,No,Yes,No,No,Yes,Yes,No,Yes,No,No
ID0836,No,No,No,No,5.9,0,0,0,0,48.95,0,0,0,0,No,No,No,No,No,No,No,No,No,No
ID0837,No,Yes,Yes,No,34.65,0,36.45,40.75,0,2519.3,0,2583.9,2910,0,Yes,No,No,No,Yes,No,No,No,No,No
ID0838,No,No,Yes,No,15.25,0,0,4.75,0,522.45,0,0,150,0,No,No,No,No,Yes,No,No,Yes,No,No
ID0839,No,No,Yes,No,8.6,0,0,20.75,0,376.7,0,0,875,0,Yes,No,No,No,No,Yes,No,Yes,No,No
ID0840,Yes,Yes,Yes,Yes,5.2,19.5,47.25,15.75,39.8,151.7,611.1,1457.95,460,1170.3,No,Yes,Yes,Yes,Yes,No,Yes,No,Yes,No
ID0841,Yes,No,No,No,5.6,12,0,0,0,30.35,72.5,0,0,0,No,No,No,No,No,No,No,No,No,No
ID0842,No,No,Yes,No,14.45,0,0,41.5,0,618.1,0,0,1935,0,No,No,No,No,No,Yes,Yes,No,No,No
ID0843,No,No,Yes,No,7.25,0,0,7.5,0,356.15,0,0,375,0,No,No,No,No,No,No,No,No,No,No
ID0844,No,No,No,No,5.25,0,0,0,0,98.2,0,0,0,0,Yes,No,No,No,No,No,No,No,No,No
ID0845,No,No,Yes,No,16.65,0,0,71,0,965.6,0,0,4350,0,No,No,No,No,No,No,No,No,No,No
ID0846,No,No,No,No,3.65,0,0,0,0,19.4,0,0,0,0,No,No,No,No,No,No,No,No,No,No
ID0847,No,No,No,No,1.65,0,0,0,0,1.65,0,0,0,0,No,No,No,Yes,No,No,No,No,Yes,Yes
ID0848,Yes,Yes,Yes,Yes,6.15,23.75,45.4,12.25,37.25,118.15,497.15,878.6,195,763.5,Yes,Yes,Yes,Yes,Yes,Yes,Yes,Yes,Yes,Yes
ID0849,Yes,Yes,No,Yes,3.6,15.25,41,0,28.05,19.1,122.1,245.65,0,157.15,Yes,No,Yes,Yes,Yes,Yes,Yes,Yes,Yes,Yes
ID0850,Yes,No,Yes,Yes,14.55,69.5,0,20.25,68.3,964.85,4584.8,0,1300,4325.6,No,Yes,Yes,No,Yes,Yes,Yes,Yes,No,No
ID0851,No,Yes,Yes,No,16.15,0,35.05,22,0,965.3,0,2337.25,1350,0,Yes,Yes,No,No,No,No,Yes,No,Yes,No
ID0852,No,No,No,No,2,0,0,0,0,9.9,0,0,0,0,No,No,No,No,Yes,Yes,Yes,No,No,No
ID0853,No,No,Yes,No,27,0,0,10.75,0,1724.8,0,0,640,0,Yes,No,No,No,No,No,Yes,No,Yes,No
ID0854,No,No,No,No,6.6,0,0,0,0,180.55,0,0,0,0,Yes,No,Yes,Yes,No,No,No,No,No,No
ID0855,No,No,Yes,No,14.95,0,0,9.5,0,736.85,0,0,480,0,Yes,No,No,No,No,Yes,Yes,No,No,No
ID0856,Yes,Yes,Yes,Yes,6.4,17.25,36.85,12.75,22,330.95,851.7,1869.4,600,997,Yes,No,No,No,No,Yes,Yes,Yes,No,No
ID0857,No,No,No,No,11.95,0,0,0,0,390.6,0,0,0,0,No,No,No,No,No,No,No,No,No,No
ID0858,Yes,No,Yes,No,7.1,15,0,12.75,0,23.8,70.45,0,25,0,No,No,No,No,Yes,Yes,Yes,No,No,No
ID0859,No,Yes,Yes,Yes,15.25,0,57.45,28.5,67,873.7,0,3404.1,1630,4046.25,Yes,Yes,Yes,Yes,Yes,Yes,Yes,Yes,Yes,No
ID0860,No,No,No,No,5.05,0,0,0,0,38.05,0,0,0,0,No,No,No,No,No,No,No,No,Yes,No
ID0861,No,No,Yes,No,7.2,0,0,4.75,0,172.1,0,0,80,0,Yes,No,No,No,No,No,No,No,Yes,No
ID0862,Yes,Yes,No,No,8.4,17.5,24.8,0,0,136.05,302.5,446,0,0,No,No,No,No,Yes,Yes,No,Yes,No,No
ID0863,Yes,Yes,Yes,Yes,10.8,58.75,63.25,37.75,109.7,634.75,3525.55,3521.45,2305,6444.95,Yes,Yes,Yes,Yes,Yes,Yes,Yes,Yes,Yes,No
ID0864,Yes,Yes,Yes,Yes,15.1,36.25,39.9,24,48.8,1017.9,2202.45,2534.25,1620,3242.75,Yes,Yes,Yes,Yes,Yes,Yes,Yes,Yes,Yes,No
ID0865,No,No,Yes,No,27.35,0,0,13.25,0,1980.15,0,0,895,0,Yes,No,No,No,No,No,No,No,No,No
ID0866,No,No,Yes,Yes,1.95,0,0,27.5,21.5,16.85,0,0,185,157.55,No,Yes,No,Yes,Yes,Yes,Yes,Yes,Yes,No
ID0867,No,No,Yes,No,5.05,0,0,8.5,0,178.9,0,0,315,0,No,No,No,No,No,No,No,No,No,No
ID0868,Yes,No,Yes,No,6.45,19,0,17,0,104.05,318.75,0,240,0,No,Yes,Yes,No,Yes,Yes,Yes,Yes,No,No
ID0869,Yes,No,Yes,No,8.5,20,0,13,0,196.8,480.7,0,275,0,No,No,No,No,Yes,Yes,Yes,No,No,No
ID0870,No,No,Yes,No,20.55,0,0,20.75,0,1407.15,0,0,1370,0,Yes,No,No,No,No,No,No,No,No,No
ID0871,Yes,Yes,Yes,Yes,3.85,19.25,38.35,7,17.7,26.65,127.5,250.3,40,129.55,Yes,Yes,Yes,Yes,No,Yes,No,No,Yes,Yes
ID0872,Yes,No,Yes,No,38.9,62.5,0,62,0,2711,4387.3,0,4220,0,No,No,No,No,Yes,Yes,Yes,Yes,No,No
ID0873,Yes,No,Yes,Yes,10.7,33,0,27.5,29.4,192.15,645.65,0,480,528.3,Yes,Yes,No,No,Yes,Yes,Yes,Yes,No,No
ID0874,No,No,Yes,No,33.95,0,0,24.25,0,1801.3,0,0,1300,0,Yes,No,No,No,No,No,No,No,No,No
ID0875,No,No,No,No,6,0,0,0,0,222.8,0,0,0,0,No,No,No,No,No,No,No,No,No,No
ID0876,Yes,No,Yes,No,34.95,28.75,0,36,0,2506.05,2074.75,0,2560,0,Yes,No,No,No,No,Yes,Yes,Yes,No,No
ID0877,Yes,No,Yes,No,12.6,9.5,0,6.75,0,208,168,0,100,0,No,No,No,No,Yes,No,Yes,No,No,No
ID0878,Yes,No,Yes,No,4.45,17,0,13.75,0,78.65,287.3,0,245,0,No,No,No,No,Yes,Yes,Yes,No,No,No
ID0879,Yes,Yes,Yes,Yes,5.45,17.75,44.85,13.5,33.9,102.75,282.2,675.65,235,524.2,No,No,Yes,No,Yes,Yes,Yes,Yes,Yes,Yes
ID0880,No,No,Yes,No,5.6,0,0,12.25,0,215.05,0,0,455,0,Yes,No,No,Yes,No,No,No,No,Yes,No
ID0881,No,Yes,Yes,Yes,8.45,0,34.35,14.5,34.1,512.65,0,1793.9,705,1740.7,Yes,Yes,No,Yes,No,No,Yes,Yes,Yes,No
ID0882,Yes,Yes,Yes,Yes,13.8,31.75,43.65,18.75,66,612.55,1449,1961.75,835,3064.75,Yes,Yes,Yes,Yes,Yes,Yes,Yes,Yes,No,No
ID0883,Yes,No,Yes,No,7.6,15.25,0,9.75,0,271.55,501.15,0,290,0,No,No,No,Yes,Yes,Yes,Yes,No,Yes,No
ID0884,Yes,No,No,No,5,11.75,0,0,0,119.5,275.05,0,0,0,Yes,No,No,Yes,No,No,No,No,Yes,Yes
ID0885,No,No,No,Yes,7.8,0,0,0,24.65,272.75,0,0,0,888.45,Yes,No,No,Yes,Yes,Yes,Yes,Yes,No,No
ID0886,Yes,No,Yes,Yes,11.05,17.25,0,5.5,29.15,497.9,833.85,0,270,1453.85,Yes,No,No,No,Yes,Yes,Yes,No,No,No
ID0887,Yes,Yes,No,Yes,4.1,14,39.15,0,31.8,62.45,260.05,620,0,521.35,No,Yes,Yes,Yes,No,No,Yes,No,No,Yes
ID0888,Yes,Yes,Yes,Yes,6.05,23.5,36.25,20.5,37.85,90.2,313.8,454.45,260,474,No,Yes,Yes,Yes,Yes,No,Yes,Yes,Yes,Yes
ID0889,No,Yes,Yes,No,10.3,0,37.6,15.25,0,367.4,0,1106.4,420,0,Yes,No,No,Yes,No,No,No,No,No,No
ID0890,Yes,Yes,Yes,Yes,9,21.25,50.75,57.25,57,194.55,466.9,1053.1,1220,1264.05,Yes,Yes,Yes,Yes,Yes,Yes,Yes,Yes,Yes,Yes
ID0891,Yes,No,Yes,No,12.15,31.75,0,16.25,0,467.75,1167.65,0,595,0,Yes,Yes,Yes,Yes,Yes,Yes,Yes,Yes,Yes,No
ID0892,No,Yes,Yes,Yes,12.65,0,35.1,46.75,29.15,804,0,2099.25,2710,1707.1,Yes,No,No,Yes,No,No,No,No,No,No
ID0893,No,No,No,No,13,0,0,0,0,650.85,0,0,0,0,No,Yes,No,No,Yes,Yes,Yes,Yes,No,No
ID0894,Yes,Yes,Yes,Yes,3.35,21,42.4,17.5,59.55,37.7,179.8,329.05,125,482.1,No,Yes,Yes,Yes,Yes,Yes,Yes,Yes,Yes,Yes
ID0895,No,Yes,Yes,No,14.3,0,29.25,25.25,0,924.55,0,1963.25,1675,0,Yes,No,No,Yes,No,No,No,No,Yes,No
ID0896,No,Yes,No,No,4.65,0,26.65,0,0,100.95,0,568.2,0,0,No,No,No,No,No,No,No,Yes,Yes,Yes
ID0897,No,Yes,No,No,5.95,0,26.55,0,0,73.35,0,300.75,0,0,Yes,No,No,Yes,No,No,No,No,No,Yes
ID0898,Yes,Yes,Yes,Yes,7.1,16,38.5,18,23.5,205.4,484.9,946.85,435,547.75,Yes,Yes,No,Yes,No,No,No,Yes,Yes,No
ID0899,Yes,Yes,Yes,Yes,2.75,15.75,29.5,9.25,28.55,5.7,49.65,50.5,15,67.7,Yes,Yes,Yes,No,No,No,Yes,No,Yes,Yes
ID0900,No,No,No,No,4.75,0,0,0,0,82.3,0,0,0,0,Yes,Yes,No,Yes,Yes,Yes,Yes,No,Yes,Yes
ID0901,Yes,Yes,Yes,Yes,3.1,16.5,35.25,25.5,40.3,12.9,83,127.35,115,162.75,No,Yes,Yes,Yes,Yes,Yes,Yes,Yes,No,Yes
ID0902,Yes,Yes,Yes,Yes,7.3,29.5,51.2,22,62.8,447.15,1653.9,2986.65,1250,3613.3,Yes,Yes,Yes,Yes,Yes,Yes,Yes,Yes,Yes,No
ID0903,No,No,Yes,No,10.4,0,0,25.75,0,567.55,0,0,1395,0,No,No,No,No,No,No,No,No,No,No
ID0904,Yes,No,Yes,No,10.5,25,0,8.25,0,556.5,1280.9,0,450,0,No,No,Yes,No,No,No,No,No,Yes,No
ID0905,No,No,Yes,No,3.95,0,0,12,0,179.75,0,0,430,0,No,No,No,No,No,No,No,No,No,No
ID0906,Yes,No,No,No,5.6,9,0,0,0,97.25,191.25,0,0,0,No,No,No,No,Yes,No,No,Yes,No,No
ID0907,No,No,No,No,7.1,0,0,0,0,153.4,0,0,0,0,No,No,No,No,No,No,No,No,Yes,No
ID0908,No,No,No,No,16.1,0,0,0,0,818.45,0,0,0,0,Yes,No,No,No,No,No,No,No,Yes,No
ID0909,Yes,No,Yes,No,4.7,19,0,9.25,0,32.95,106.85,0,30,0,No,No,No,No,Yes,Yes,Yes,Yes,No,No
ID0910,No,No,No,No,3.85,0,0,0,0,62.75,0,0,0,0,No,No,No,No,No,No,No,No,No,No
ID0911,Yes,No,Yes,Yes,22.05,18.75,0,7.5,24.95,1042.95,830.75,0,345,1124.25,Yes,No,No,No,Yes,Yes,Yes,Yes,No,No
ID0912,Yes,Yes,No,Yes,6.95,21.25,37.95,0,36.65,121.45,371.2,523.75,0,620.3,Yes,Yes,Yes,Yes,No,Yes,Yes,Yes,Yes,Yes
ID0913,No,Yes,No,No,9.2,0,30.45,0,0,347.1,0,1158.9,0,0,Yes,No,No,No,Yes,No,No,No,Yes,No
ID0914,Yes,No,No,No,3.15,10.75,0,0,0,29.05,83.55,0,0,0,No,No,No,No,No,No,No,No,No,No
ID0915,Yes,No,Yes,Yes,17.3,25.75,0,23,37.4,840,1396.75,0,1155,1832.25,Yes,No,Yes,No,Yes,Yes,Yes,Yes,No,No
ID0916,Yes,No,Yes,No,17.8,44.25,0,32,0,1218,3058.5,0,2305,0,Yes,Yes,No,No,Yes,Yes,Yes,Yes,No,No
ID0917,No,Yes,Yes,No,14.15,0,34.2,9.5,0,752.9,0,1988.65,560,0,Yes,Yes,No,Yes,No,No,No,No,Yes,No
ID0918,Yes,No,Yes,Yes,14.85,57.5,0,15,39.5,1104.4,3926.65,0,990,2798.25,Yes,No,Yes,No,Yes,Yes,Yes,Yes,No,No
ID0919,Yes,No,Yes,No,31.9,53.25,0,16.5,0,1892.85,3232.05,0,890,0,Yes,No,No,No,Yes,Yes,Yes,Yes,No,No
ID0920,Yes,Yes,Yes,Yes,12.85,24.25,49.2,14.25,42.85,599.05,1238.2,2498.35,725,2032.3,Yes,Yes,Yes,No,Yes,Yes,Yes,Yes,Yes,No
ID0921,No,Yes,No,No,1.45,0,25.25,0,0,1.45,0,25.25,0,0,No,No,No,Yes,No,No,No,No,Yes,Yes
ID0922,No,Yes,No,No,7.4,0,35.4,0,0,91.7,0,483.5,0,0,Yes,Yes,No,Yes,Yes,No,Yes,No,Yes,Yes
ID0923,No,Yes,Yes,No,62.3,0,35.65,65.25,0,4333,0,2477.1,4915,0,Yes,No,No,No,Yes,Yes,No,No,Yes,No
ID0924,No,No,Yes,No,25.2,0,0,36.25,0,1714.7,0,0,2470,0,No,No,No,No,Yes,No,Yes,No,No,No
ID0925,Yes,No,Yes,No,7.65,28,0,18.5,0,237.85,895.05,0,595,0,No,No,Yes,No,Yes,Yes,Yes,Yes,No,No
ID0926,Yes,No,Yes,No,9.55,20.5,0,34.75,0,172.55,398.95,0,620,0,No,Yes,No,No,Yes,Yes,Yes,Yes,No,No
ID0927,No,Yes,Yes,Yes,8.7,0,47.15,11.75,47.5,356.45,0,1872.7,415,1932.35,Yes,Yes,No,Yes,Yes,No,No,Yes,Yes,No
ID0928,No,No,Yes,No,15.7,0,0,8.5,0,815.05,0,0,400,0,No,No,No,No,No,Yes,No,No,No,No
ID0929,Yes,No,Yes,No,4.8,28,0,19,0,157.25,952.9,0,600,0,No,Yes,No,No,Yes,Yes,Yes,Yes,No,No
ID0930,Yes,No,Yes,No,4.25,29,0,12,0,102.45,729.15,0,300,0,No,No,No,No,Yes,Yes,Yes,Yes,No,No
ID0931,Yes,No,Yes,No,7.05,27.5,0,17.5,0,269,1046.2,0,640,0,No,Yes,Yes,No,Yes,Yes,Yes,Yes,No,No
ID0932,Yes,No,Yes,Yes,43.25,50.5,0,19.25,44.9,3115,3669,0,1315,3120.35,Yes,No,Yes,Yes,Yes,Yes,Yes,No,No,No
ID0933,Yes,No,Yes,Yes,2.8,22.75,0,13.75,30.2,9.35,103.45,0,40,76.9,No,Yes,Yes,Yes,Yes,Yes,Yes,Yes,No,No
ID0934,Yes,No,Yes,Yes,21.95,40.25,0,25.75,21.8,1248.25,2030.2,0,1355,1121.05,Yes,No,No,No,Yes,Yes,Yes,Yes,No,No
ID0935,Yes,Yes,Yes,Yes,5.95,25.75,45.4,16.75,37.7,207.7,805.85,1498.85,540,1257.7,Yes,No,Yes,Yes,Yes,Yes,Yes,Yes,Yes,No
ID0936,Yes,No,Yes,Yes,4.55,16,0,19.25,27.05,115.65,288.75,0,365,511.25,No,No,No,Yes,Yes,No,Yes,No,Yes,No
ID0937,No,No,Yes,No,6.5,0,0,14.5,0,86.7,0,0,180,0,No,No,No,No,No,No,No,No,No,No
ID0938,Yes,No,Yes,No,17.35,35,0,29.25,0,988.8,2166.8,0,1805,0,No,No,No,No,Yes,Yes,No,Yes,No,No
ID0939,No,No,Yes,No,3.75,0,0,15.75,0,12.4,0,0,35,0,No,Yes,No,Yes,No,Yes,No,No,No,No
ID0940,Yes,No,Yes,No,7.85,20.25,0,14,0,104.9,349.4,0,180,0,No,No,No,No,Yes,Yes,Yes,Yes,No,No
ID0941,No,No,No,No,4.85,0,0,0,0,55.65,0,0,0,0,No,No,No,No,No,No,No,No,Yes,No
ID0942,No,Yes,Yes,No,9.95,0,28.65,23.5,0,558.15,0,1533.1,1170,0,Yes,No,No,Yes,No,No,No,No,Yes,No
ID0943,Yes,No,Yes,Yes,16.4,38.25,0,55.5,57.05,933.1,2355.4,0,3145,3247.95,Yes,Yes,Yes,Yes,Yes,Yes,Yes,Yes,Yes,No
ID0944,No,Yes,Yes,Yes,10.55,0,31.95,32.75,23.65,290.25,0,732.95,770,578.45,No,Yes,No,No,Yes,No,No,Yes,No,No
ID0945,Yes,No,Yes,No,23.9,27.5,0,15,0,1684.05,1935.15,0,1030,0,Yes,No,No,No,Yes,Yes,Yes,Yes,No,No
ID0946,Yes,Yes,No,Yes,4.3,23.25,51.6,0,60.35,88.5,520.45,1013.3,0,1230.7,Yes,Yes,Yes,Yes,Yes,Yes,No,Yes,Yes,Yes
ID0947,Yes,Yes,Yes,Yes,10.2,26.5,40.2,11.5,23.2,393.55,1316.7,1832,510,948.75,No,No,No,No,Yes,Yes,Yes,Yes,Yes,No
ID0948,No,No,Yes,No,10.3,0,0,14.25,0,659.55,0,0,975,0,Yes,No,Yes,Yes,No,No,No,No,No,No
ID0949,Yes,Yes,Yes,Yes,32.65,33,54,29.25,50.65,2321.8,2378.2,3649.6,2055,3475.45,Yes,Yes,Yes,Yes,Yes,Yes,Yes,Yes,No,No
ID0950,No,Yes,No,Yes,6.85,0,42.1,0,25.15,285.55,0,1642.15,0,954,Yes,No,No,Yes,No,Yes,No,Yes,Yes,No
ID0951,No,Yes,No,No,5.1,0,27.15,0,0,74.1,0,434.15,0,0,No,No,No,No,No,No,No,No,Yes,Yes
ID0952,Yes,No,Yes,No,7.55,16.25,0,10.25,0,353.3,638.25,0,490,0,No,Yes,Yes,Yes,Yes,Yes,Yes,Yes,Yes,No
ID0953,No,No,Yes,No,11.95,0,0,28.25,0,540.5,0,0,1355,0,No,No,No,No,No,No,Yes,Yes,No,No
ID0954,Yes,Yes,Yes,Yes,4.95,32,53.25,35.75,50.45,62.1,323.8,420.55,285,416,Yes,Yes,Yes,Yes,Yes,Yes,Yes,Yes,Yes,Yes
ID0955,Yes,Yes,Yes,Yes,3.85,28,37.65,9,41.4,27.95,218.9,256.3,65,237.25,Yes,Yes,Yes,No,Yes,Yes,Yes,Yes,Yes,No
ID0956,No,No,Yes,No,30.9,0,0,19.75,0,2123.6,0,0,1305,0,No,No,No,No,No,No,Yes,No,No,No
ID0957,No,No,No,No,5,0,0,0,0,69.6,0,0,0,0,No,No,No,No,No,No,No,No,No,No
ID0958,Yes,No,Yes,No,1.9,20.75,0,15.5,0,19.3,114.4,0,95,0,No,No,No,No,Yes,Yes,Yes,Yes,No,No
ID0959,Yes,No,Yes,No,10.1,39,0,18,0,449.7,1829.75,0,775,0,No,No,Yes,No,Yes,Yes,Yes,Yes,No,No
ID0960,Yes,No,Yes,No,17.6,22,0,21.75,0,961.9,1125.25,0,1075,0,No,Yes,No,No,Yes,Yes,Yes,Yes,No,No
ID0961,Yes,Yes,No,Yes,3.6,12.5,28.5,0,19.3,16.1,46.7,143.65,0,86.15,No,Yes,No,No,No,Yes,Yes,No,Yes,Yes
ID0962,No,No,Yes,No,14.65,0,0,41.25,0,719.5,0,0,1980,0,No,No,No,No,No,No,No,No,No,No
ID0963,No,No,No,No,12.25,0,0,0,0,575.6,0,0,0,0,Yes,No,No,Yes,No,Yes,No,No,Yes,No
ID0964,No,Yes,No,No,9.45,0,29.2,0,0,214.7,0,697.05,0,0,No,No,Yes,No,No,No,No,No,Yes,No
ID0965,Yes,No,Yes,Yes,5.4,38.75,0,17.75,50.2,81.55,908.35,0,290,1147.4,No,Yes,Yes,Yes,Yes,Yes,Yes,Yes,Yes,No
ID0966,Yes,Yes,Yes,Yes,20.7,34.75,48.65,32.25,48.65,1082.4,1711.75,2496.35,1600,2353.35,Yes,Yes,Yes,Yes,Yes,Yes,Yes,Yes,No,No
ID0967,No,Yes,Yes,Yes,4.75,0,46.3,21.75,37.7,97.85,0,804.35,445,692.95,Yes,Yes,Yes,Yes,Yes,Yes,Yes,Yes,Yes,Yes
ID0968,Yes,Yes,Yes,Yes,5.8,27.75,33.75,30.75,25.9,44.55,246,246.85,230,186.8,No,Yes,No,No,Yes,Yes,Yes,Yes,No,No
ID0969,No,No,No,No,3.15,0,0,0,0,45.35,0,0,0,0,No,No,No,No,No,No,No,No,No,No
ID0970,Yes,No,Yes,No,12.7,38.25,0,33.75,0,767.75,2239.7,0,1880,0,No,No,No,No,Yes,Yes,Yes,Yes,No,No
ID0971,No,No,No,No,10.2,0,0,0,0,445.7,0,0,0,0,No,No,No,No,No,No,No,No,No,No
ID0972,No,Yes,No,No,3.1,0,21.35,0,0,22,0,196.15,0,0,No,No,No,No,No,No,No,No,Yes,Yes
ID0973,No,No,Yes,No,12.1,0,0,15.75,0,751.75,0,0,910,0,No,No,No,No,Yes,No,Yes,Yes,No,No
ID0974,Yes,No,Yes,Yes,32.55,35.5,0,14.75,40.75,2361.35,2535.4,0,1060,2886.05,Yes,No,No,No,Yes,Yes,Yes,Yes,No,No
ID0975,Yes,No,Yes,No,16.1,14,0,11.75,0,938.65,822.35,0,630,0,No,No,No,No,No,Yes,Yes,Yes,No,No
ID0976,No,No,Yes,No,15.1,0,0,7.5,0,901.05,0,0,395,0,Yes,No,No,Yes,No,No,No,Yes,No,No
ID0977,Yes,No,Yes,No,8.8,37.75,0,22,0,293.65,1377.85,0,785,0,No,No,No,No,Yes,Yes,Yes,Yes,No,No
ID0978,No,No,Yes,No,20.25,0,0,37.75,0,869.75,0,0,1640,0,No,No,No,No,No,No,No,No,Yes,No
ID0979,No,No,Yes,No,15.2,0,0,14.25,0,736.75,0,0,615,0,No,No,No,Yes,No,No,No,No,No,No
ID0980,Yes,No,Yes,No,17.35,24.5,0,14.25,0,973.1,1343.5,0,720,0,No,No,No,No,No,No,Yes,Yes,No,No
ID0981,Yes,No,No,No,5.2,18.5,0,0,0,89,462.25,0,0,0,Yes,Yes,No,No,No,Yes,No,No,No,No
ID0982,No,Yes,No,Yes,4.2,0,34.05,0,16.85,4.2,0,34.05,0,16.85,No,Yes,No,Yes,No,No,No,Yes,Yes,Yes
ID0983,Yes,No,Yes,No,6,28,0,12.75,0,203.25,959.4,0,435,0,No,No,No,No,No,Yes,Yes,Yes,No,No
ID0984,Yes,No,No,No,4.9,14.5,0,0,0,78.2,230.35,0,0,0,No,No,No,No,No,No,No,No,No,No
ID0985,Yes,No,Yes,No,3.85,23.75,0,12.5,0,29.9,128.45,0,80,0,No,No,No,No,Yes,Yes,Yes,Yes,No,No
ID0986,Yes,No,Yes,Yes,8.7,47.75,0,32.75,64,186.6,1152.9,0,780,1542.9,No,Yes,Yes,Yes,Yes,Yes,Yes,Yes,Yes,No
ID0987,Yes,Yes,Yes,Yes,2.55,23.5,29.6,10.75,19.2,2.7,80.5,66.55,10,29.7,No,Yes,Yes,No,Yes,No,Yes,Yes,No,Yes
ID0988,No,Yes,Yes,No,3.65,0,34.2,29,0,8.85,0,116.2,80,0,No,Yes,No,Yes,Yes,No,Yes,Yes,Yes,Yes
ID0989,Yes,No,Yes,No,39,31.25,0,14.75,0,2914,2176.85,0,1070,0,Yes,No,No,No,No,No,No,Yes,Yes,No
ID0990,Yes,No,No,No,7.5,20.25,0,0,0,342.2,861.95,0,0,0,Yes,No,No,No,Yes,Yes,No,No,No,No
ID0991,Yes,No,Yes,No,15,45.25,0,52.75,0,817.85,2320.25,0,2645,0,No,No,No,No,Yes,Yes,Yes,Yes,No,No
ID0992,No,Yes,Yes,Yes,16.85,0,42.55,26.5,44.1,1063.15,0,2544.35,1600,2540.2,Yes,No,No,Yes,No,No,Yes,No,Yes,No
ID0993,Yes,No,Yes,No,4.95,19,0,13.5,0,153.5,649.35,0,430,0,No,No,No,Yes,Yes,No,Yes,Yes,No,No
ID0994,Yes,No,Yes,Yes,5.2,23.5,0,23.75,39.25,149.2,670.1,0,610,1004.35,No,No,Yes,No,Yes,Yes,Yes,Yes,Yes,No
ID0995,Yes,Yes,No,Yes,3.7,16.5,42.5,0,33.1,40.55,207.35,547.95,0,475.3,Yes,Yes,Yes,Yes,Yes,No,Yes,Yes,Yes,Yes
ID0996,No,Yes,No,No,3,0,29.05,0,0,32.25,0,265.95,0,0,No,No,No,No,No,No,No,No,Yes,Yes
ID0997,No,Yes,No,No,4.65,0,25.6,0,0,29.35,0,179.1,0,0,No,No,No,No,No,No,No,No,No,Yes
ID0998,Yes,Yes,Yes,Yes,26.75,32,54.55,35.75,65.8,1837.55,2117.65,3636.6,2360,4392.85,Yes,Yes,Yes,Yes,Yes,Yes,Yes,Yes,Yes,No
ID0999,Yes,No,Yes,No,25.6,33.5,0,25.25,0,1841.85,2368.2,0,1705,0,No,Yes,No,No,Yes,Yes,Yes,Yes,No,No
ID1000,No,Yes,Yes,No,13.15,0,33.6,16.25,0,665.4,0,1651.9,745,0,Yes,No,No,Yes,No,No,No,No,Yes,No
